Spurious,Real
https://synbiohub.org/public/igem/BBa_K827043/1,https://synbiohub.org/public/igem/BBa_J01007/1
https://synbiohub.org/public/igem/BBa_K1628000/1,https://synbiohub.org/public/igem/BBa_K289007/1
https://synbiohub.org/public/igem/BBa_I732999/1,https://synbiohub.org/public/igem/BBa_J56014/1
https://synbiohub.org/public/igem/BBa_K1497024/1,https://synbiohub.org/public/igem/BBa_K1111006/1
https://synbiohub.org/public/igem/BBa_K805013/1,https://synbiohub.org/public/igem/BBa_K1024003/1
https://synbiohub.org/public/igem/BBa_K1256007/1,https://synbiohub.org/public/igem/BBa_J96006/1
https://synbiohub.org/public/igem/BBa_K782056/1,https://synbiohub.org/public/igem/BBa_K678018/1
https://synbiohub.org/public/igem/BBa_K1442005/1,https://synbiohub.org/public/igem/BBa_K346050/1
https://synbiohub.org/public/igem/BBa_M11565/1,https://synbiohub.org/public/igem/BBa_K1796106/1
https://synbiohub.org/public/igem/BBa_K1833996/1,https://synbiohub.org/public/igem/BBa_K726013/1
https://synbiohub.org/public/igem/BBa_K827006/1,https://synbiohub.org/public/igem/BBa_J61141/1
https://synbiohub.org/public/igem/BBa_K874002/1,https://synbiohub.org/public/igem/BBa_K2148010/1
https://synbiohub.org/public/igem/BBa_K1256013/1,https://synbiohub.org/public/igem/BBa_K1660004/1
https://synbiohub.org/public/igem/BBa_K827030/1,https://synbiohub.org/public/igem/BBa_K1994044/1
https://synbiohub.org/public/igem/BBa_K1773009/1,https://synbiohub.org/public/igem/BBa_K2082106/1
https://synbiohub.org/public/igem/BBa_J61052/1,https://synbiohub.org/public/igem/BBa_K2042009/1
https://synbiohub.org/public/igem/BBa_K1618039/1,https://synbiohub.org/public/igem/BBa_K1841002/1
https://synbiohub.org/public/igem/BBa_M45072/1,https://synbiohub.org/public/igem/BBa_K1053100/1
https://synbiohub.org/public/igem/BBa_K827004/1,https://synbiohub.org/public/igem/BBa_K1319002/1
https://synbiohub.org/public/igem/BBa_K2022013/1,https://synbiohub.org/public/igem/BBa_K1218014/1
https://synbiohub.org/public/igem/BBa_K245118/1,https://synbiohub.org/public/igem/BBa_M36540/1
https://synbiohub.org/public/igem/BBa_K1442012/1,https://synbiohub.org/public/igem/BBa_K1321339/1
https://synbiohub.org/public/igem/BBa_K827059/1,https://synbiohub.org/public/igem/BBa_J48104/1
https://synbiohub.org/public/igem/BBa_K827031/1,https://synbiohub.org/public/igem/BBa_K777132/1
https://synbiohub.org/public/igem/BBa_K874040/1,https://synbiohub.org/public/igem/BBa_M45446/1
https://synbiohub.org/public/igem/BBa_K782044/1,https://synbiohub.org/public/igem/BBa_M45176/1
https://synbiohub.org/public/igem/BBa_K1256006/1,https://synbiohub.org/public/igem/BBa_J61041/1
https://synbiohub.org/public/igem/BBa_K371056/1,https://synbiohub.org/public/igem/BBa_J331014/1
https://synbiohub.org/public/igem/BBa_K245125/1,https://synbiohub.org/public/igem/BBa_K936012/1
https://synbiohub.org/public/igem/BBa_K1618044/1,https://synbiohub.org/public/igem/BBa_K382033/1
https://synbiohub.org/public/igem/BBa_J29045/1,https://synbiohub.org/public/igem/BBa_K102957/1
https://synbiohub.org/public/igem/BBa_K805001/1,https://synbiohub.org/public/igem/BBa_K208003/1
https://synbiohub.org/public/igem/BBa_K1486045/1,https://synbiohub.org/public/igem/BBa_K112956/1
https://synbiohub.org/public/igem/BBa_K245027/1,https://synbiohub.org/public/igem/BBa_K1796103/1
https://synbiohub.org/public/igem/BBa_K1650036/1,https://synbiohub.org/public/igem/BBa_K112115/1
https://synbiohub.org/public/igem/BBa_K2066549/1,https://synbiohub.org/public/igem/BBa_M36660/1
https://synbiohub.org/public/igem/BBa_J70567/1,https://synbiohub.org/public/igem/BBa_K091101/1
https://synbiohub.org/public/igem/BBa_M11564/1,https://synbiohub.org/public/igem/BBa_J70510/1
https://synbiohub.org/public/igem/BBa_K827054/1,https://synbiohub.org/public/igem/BBa_K1638002/1
https://synbiohub.org/public/igem/BBa_K874041/1,https://synbiohub.org/public/igem/BBa_K1890050/1
https://synbiohub.org/public/igem/BBa_K827041/1,https://synbiohub.org/public/igem/BBa_K1587003/1
https://synbiohub.org/public/igem/BBa_K245025/1,https://synbiohub.org/public/igem/BBa_K108015/1
https://synbiohub.org/public/igem/BBa_K861000/1,https://synbiohub.org/public/igem/BBa_I735010/1
https://synbiohub.org/public/igem/BBa_K185049/1,https://synbiohub.org/public/igem/BBa_K237008/1
https://synbiohub.org/public/igem/BBa_K827042/1,https://synbiohub.org/public/igem/BBa_M34570/1
https://synbiohub.org/public/igem/BBa_K1442000/1,https://synbiohub.org/public/igem/BBa_J29028/1
https://synbiohub.org/public/igem/BBa_K109130/1,https://synbiohub.org/public/igem/BBa_K1123016/1
https://synbiohub.org/public/igem/BBa_K782058/1,https://synbiohub.org/public/igem/BBa_I713002/1
https://synbiohub.org/public/igem/BBa_K1725203/1,https://synbiohub.org/public/igem/BBa_K2066510/1
https://synbiohub.org/public/igem/BBa_K1362467/1,https://synbiohub.org/public/igem/BBa_M31302/1
https://synbiohub.org/public/igem/BBa_K2066534/1,https://synbiohub.org/public/igem/BBa_K187364/1
https://synbiohub.org/public/igem/BBa_K1362437/1,https://synbiohub.org/public/igem/BBa_I766201/1
https://synbiohub.org/public/igem/BBa_K827086/1,https://synbiohub.org/public/igem/BBa_I716462/1
https://synbiohub.org/public/igem/BBa_J58112/1,https://synbiohub.org/public/igem/BBa_M1105/1
https://synbiohub.org/public/igem/BBa_I766231/1,https://synbiohub.org/public/igem/BBa_K115006/1
https://synbiohub.org/public/igem/BBa_K827079/1,https://synbiohub.org/public/igem/BBa_K228008/1
https://synbiohub.org/public/igem/BBa_K121006/1,https://synbiohub.org/public/igem/BBa_K116403/1
https://synbiohub.org/public/igem/BBa_K827010/1,https://synbiohub.org/public/igem/BBa_J119393/1
https://synbiohub.org/public/igem/BBa_I747001/1,https://synbiohub.org/public/igem/BBa_K1696015/1
https://synbiohub.org/public/igem/BBa_K1592001/1,https://synbiohub.org/public/igem/BBa_J99008/1
https://synbiohub.org/public/igem/BBa_M45961/1,https://synbiohub.org/public/igem/BBa_K2149020/1
https://synbiohub.org/public/igem/BBa_J52006/1,https://synbiohub.org/public/igem/BBa_J26002/1
https://synbiohub.org/public/igem/BBa_J58002/1,https://synbiohub.org/public/igem/BBa_J202000/1
https://synbiohub.org/public/igem/BBa_K874999/1,https://synbiohub.org/public/igem/BBa_K590020/1
https://synbiohub.org/public/igem/BBa_K2042003/1,https://synbiohub.org/public/igem/BBa_J45501/1
https://synbiohub.org/public/igem/BBa_K782047/1,https://synbiohub.org/public/igem/BBa_K1199049/1
https://synbiohub.org/public/igem/BBa_K1890057/1,https://synbiohub.org/public/igem/BBa_K277002/1
https://synbiohub.org/public/igem/BBa_K188027/1,https://synbiohub.org/public/igem/BBa_K1365009/1
https://synbiohub.org/public/igem/BBa_K1479007/1,https://synbiohub.org/public/igem/BBa_K1325006/1
https://synbiohub.org/public/igem/BBa_K827032/1,https://synbiohub.org/public/igem/BBa_K1980009/1
https://synbiohub.org/public/igem/BBa_K320015/1,https://synbiohub.org/public/igem/BBa_K2139002/1
https://synbiohub.org/public/igem/BBa_J29043/1,https://synbiohub.org/public/igem/BBa_J100209/1
https://synbiohub.org/public/igem/BBa_J16010/1,https://synbiohub.org/public/igem/BBa_K372001/1
https://synbiohub.org/public/igem/BBa_K2066126/1,https://synbiohub.org/public/igem/BBa_K2036011/1
https://synbiohub.org/public/igem/BBa_J58105/1,https://synbiohub.org/public/igem/BBa_I716154/1
https://synbiohub.org/public/igem/BBa_I732024/1,https://synbiohub.org/public/igem/BBa_M31022/1
https://synbiohub.org/public/igem/BBa_I722003/1,https://synbiohub.org/public/igem/BBa_I11004/1
https://synbiohub.org/public/igem/BBa_K1256009/1,https://synbiohub.org/public/igem/BBa_K313023/1
https://synbiohub.org/public/igem/BBa_J16001/1,https://synbiohub.org/public/igem/BBa_K1982008/1
https://synbiohub.org/public/igem/BBa_M1845/1,https://synbiohub.org/public/igem/BBa_M36527/1
https://synbiohub.org/public/igem/BBa_K1618045/1,https://synbiohub.org/public/igem/BBa_K783066/1
https://synbiohub.org/public/igem/BBa_K245133/1,https://synbiohub.org/public/igem/BBa_J64852/1
https://synbiohub.org/public/igem/BBa_I766232/1,https://synbiohub.org/public/igem/BBa_I742118/1
https://synbiohub.org/public/igem/BBa_M36296/1,https://synbiohub.org/public/igem/BBa_K105105/1
https://synbiohub.org/public/igem/BBa_K1618043/1,https://synbiohub.org/public/igem/BBa_K566036/1
https://synbiohub.org/public/igem/BBa_K782052/1,https://synbiohub.org/public/igem/BBa_K1159307/1
https://synbiohub.org/public/igem/BBa_K874090/1,https://synbiohub.org/public/igem/BBa_K590002/1
https://synbiohub.org/public/igem/BBa_M45098/1,https://synbiohub.org/public/igem/BBa_K525224/1
https://synbiohub.org/public/igem/BBa_K1256002/1,https://synbiohub.org/public/igem/BBa_K187266/1
https://synbiohub.org/public/igem/BBa_K827005/1,https://synbiohub.org/public/igem/BBa_J202036/1
https://synbiohub.org/public/igem/BBa_K827067/1,https://synbiohub.org/public/igem/BBa_K1481006/1
https://synbiohub.org/public/igem/BBa_K827036/1,https://synbiohub.org/public/igem/BBa_K321004/1
https://synbiohub.org/public/igem/BBa_K1152999/1,https://synbiohub.org/public/igem/BBa_K187010/1
https://synbiohub.org/public/igem/BBa_J580002/1,https://synbiohub.org/public/igem/BBa_K1959002/1
https://synbiohub.org/public/igem/BBa_K1633998/1,https://synbiohub.org/public/igem/BBa_K1033115/1
https://synbiohub.org/public/igem/BBa_K827058/1,https://synbiohub.org/public/igem/BBa_J100173/1
https://synbiohub.org/public/igem/BBa_K827008/1,https://synbiohub.org/public/igem/BBa_I15007/1
https://synbiohub.org/public/igem/BBa_J37006/1,https://synbiohub.org/public/igem/BBa_K094100/1
https://synbiohub.org/public/igem/BBa_K1793000/1,https://synbiohub.org/public/igem/BBa_K189020/1
https://synbiohub.org/public/igem/BBa_T3000/1,https://synbiohub.org/public/igem/BBa_I10018/1
https://synbiohub.org/public/igem/BBa_K827046/1,https://synbiohub.org/public/igem/BBa_K277123/1
https://synbiohub.org/public/igem/BBa_K827011/1,https://synbiohub.org/public/igem/BBa_K112217/1
https://synbiohub.org/public/igem/BBa_K827082/1,https://synbiohub.org/public/igem/BBa_K953001/1
https://synbiohub.org/public/igem/BBa_K360100/1,https://synbiohub.org/public/igem/BBa_J119373/1
https://synbiohub.org/public/igem/BBa_K261000/1,https://synbiohub.org/public/igem/BBa_K1796113/1
https://synbiohub.org/public/igem/BBa_K827040/1,https://synbiohub.org/public/igem/BBa_K2014008/1
https://synbiohub.org/public/igem/BBa_K827084/1,https://synbiohub.org/public/igem/BBa_K633003/1
https://synbiohub.org/public/igem/BBa_J33009/1,https://synbiohub.org/public/igem/BBa_J100259/1
https://synbiohub.org/public/igem/BBa_I714934/1,https://synbiohub.org/public/igem/BBa_K784007/1
https://synbiohub.org/public/igem/BBa_K827064/1,https://synbiohub.org/public/igem/BBa_K1371002/1
https://synbiohub.org/public/igem/BBa_K1362451/1,https://synbiohub.org/public/igem/BBa_K2088003/1
https://synbiohub.org/public/igem/BBa_I711026/1,https://synbiohub.org/public/igem/BBa_K1154005/1
https://synbiohub.org/public/igem/BBa_K137111/1,https://synbiohub.org/public/igem/BBa_K157028/1
https://synbiohub.org/public/igem/BBa_K1529110/1,https://synbiohub.org/public/igem/BBa_K242201/1
https://synbiohub.org/public/igem/BBa_K1371011/1,https://synbiohub.org/public/igem/BBa_K823014/1
https://synbiohub.org/public/igem/BBa_K649202/1,https://synbiohub.org/public/igem/BBa_K747016/1
https://synbiohub.org/public/igem/BBa_K827066/1,https://synbiohub.org/public/igem/BBa_K1777019/1
https://synbiohub.org/public/igem/BBa_K827056/1,https://synbiohub.org/public/igem/BBa_K1967021/1
https://synbiohub.org/public/igem/BBa_K827018/1,https://synbiohub.org/public/igem/BBa_K857001/1
https://synbiohub.org/public/igem/BBa_K827049/1,https://synbiohub.org/public/igem/BBa_K1399006/1
https://synbiohub.org/public/igem/BBa_K805010/1,https://synbiohub.org/public/igem/BBa_K1350001/1
https://synbiohub.org/public/igem/BBa_K911005/1,https://synbiohub.org/public/igem/BBa_K103006/1
https://synbiohub.org/public/igem/BBa_K1256008/1,https://synbiohub.org/public/igem/BBa_K137051/1
https://synbiohub.org/public/igem/BBa_I725009/1,https://synbiohub.org/public/igem/BBa_K1641018/1
https://synbiohub.org/public/igem/BBa_K649900/1,https://synbiohub.org/public/igem/BBa_K1916008/1
https://synbiohub.org/public/igem/BBa_J59001/1,https://synbiohub.org/public/igem/BBa_K2039003/1
https://synbiohub.org/public/igem/BBa_K1585997/1,https://synbiohub.org/public/igem/BBa_K187238/1
https://synbiohub.org/public/igem/BBa_K782043/1,https://synbiohub.org/public/igem/BBa_K1621000/1
https://synbiohub.org/public/igem/BBa_K1479020/1,https://synbiohub.org/public/igem/BBa_K1510002/1
https://synbiohub.org/public/igem/BBa_K1256014/1,https://synbiohub.org/public/igem/BBa_K509002/1
https://synbiohub.org/public/igem/BBa_K1256003/1,https://synbiohub.org/public/igem/BBa_K1122669/1
https://synbiohub.org/public/igem/BBa_K245029/1,https://synbiohub.org/public/igem/BBa_K2070002/1
https://synbiohub.org/public/igem/BBa_K1256010/1,https://synbiohub.org/public/igem/BBa_K310001/1
https://synbiohub.org/public/igem/BBa_J52997/1,https://synbiohub.org/public/igem/BBa_I729007/1
https://synbiohub.org/public/igem/BBa_K141003/1,https://synbiohub.org/public/igem/BBa_K150100/1
https://synbiohub.org/public/igem/BBa_K245028/1,https://synbiohub.org/public/igem/BBa_K1487000/1
https://synbiohub.org/public/igem/BBa_K747101/1,https://synbiohub.org/public/igem/BBa_K1946005/1
https://synbiohub.org/public/igem/BBa_K819014/1,https://synbiohub.org/public/igem/BBa_K2180007/1
https://synbiohub.org/public/igem/BBa_M1888/1,https://synbiohub.org/public/igem/BBa_K1668002/1
https://synbiohub.org/public/igem/BBa_K1442684/1,https://synbiohub.org/public/igem/BBa_K779120/1
https://synbiohub.org/public/igem/BBa_K245122/1,https://synbiohub.org/public/igem/BBa_J07017/1
https://synbiohub.org/public/igem/BBa_K245031/1,https://synbiohub.org/public/igem/BBa_K243037/1
https://synbiohub.org/public/igem/BBa_M11106/1,https://synbiohub.org/public/igem/BBa_K2110834/1
https://synbiohub.org/public/igem/BBa_J58000/1,https://synbiohub.org/public/igem/BBa_K1054022/1
https://synbiohub.org/public/igem/BBa_K245030/1,https://synbiohub.org/public/igem/BBa_K1412003/1
https://synbiohub.org/public/igem/BBa_K1725205/1,https://synbiohub.org/public/igem/BBa_K115050/1
https://synbiohub.org/public/igem/BBa_J45991/1,https://synbiohub.org/public/igem/BBa_Z0251/1
https://synbiohub.org/public/igem/BBa_K827045/1,https://synbiohub.org/public/igem/BBa_K2123105/1
https://synbiohub.org/public/igem/BBa_M11101/1,https://synbiohub.org/public/igem/BBa_K199006/1
https://synbiohub.org/public/igem/BBa_I725017/1,https://synbiohub.org/public/igem/BBa_I13998/1
https://synbiohub.org/public/igem/BBa_K827050/1,https://synbiohub.org/public/igem/BBa_M13011/1
https://synbiohub.org/public/igem/BBa_K827038/1,https://synbiohub.org/public/igem/BBa_K612005/1
https://synbiohub.org/public/igem/BBa_K2116051/1,https://synbiohub.org/public/igem/BBa_K872000/1
https://synbiohub.org/public/igem/BBa_I719008/1,https://synbiohub.org/public/igem/BBa_J72043/1
https://synbiohub.org/public/igem/BBa_I712000/1,https://synbiohub.org/public/igem/BBa_J100220/1
https://synbiohub.org/public/igem/BBa_K132029/1,https://synbiohub.org/public/igem/BBa_I757012/1
https://synbiohub.org/public/igem/BBa_K404001/1,https://synbiohub.org/public/igem/BBa_M1533/1
https://synbiohub.org/public/igem/BBa_K245130/1,https://synbiohub.org/public/igem/BBa_K801032/1
https://synbiohub.org/public/igem/BBa_C0600/1,https://synbiohub.org/public/igem/BBa_M31965/1
https://synbiohub.org/public/igem/BBa_K1740004/1,https://synbiohub.org/public/igem/BBa_K337040/1
https://synbiohub.org/public/igem/BBa_K2066539/1,https://synbiohub.org/public/igem/BBa_M36102/1
https://synbiohub.org/public/igem/BBa_M45444/1,https://synbiohub.org/public/igem/BBa_K936021/1
https://synbiohub.org/public/igem/BBa_K827017/1,https://synbiohub.org/public/igem/BBa_M31231/1
https://synbiohub.org/public/igem/BBa_K782048/1,https://synbiohub.org/public/igem/BBa_K2083012/1
https://synbiohub.org/public/igem/BBa_I719006/1,https://synbiohub.org/public/igem/BBa_K1710000/1
https://synbiohub.org/public/igem/BBa_M45055/1,https://synbiohub.org/public/igem/BBa_K157020/1
https://synbiohub.org/public/igem/BBa_K1462040/1,https://synbiohub.org/public/igem/BBa_K499959/1
https://synbiohub.org/public/igem/BBa_J4906/1,https://synbiohub.org/public/igem/BBa_K525740/1
https://synbiohub.org/public/igem/BBa_K827023/1,https://synbiohub.org/public/igem/BBa_K112215/1
https://synbiohub.org/public/igem/BBa_K294902/1,https://synbiohub.org/public/igem/BBa_K1232001/1
https://synbiohub.org/public/igem/BBa_K631039/1,https://synbiohub.org/public/igem/BBa_K1989003/1
https://synbiohub.org/public/igem/BBa_I723123/1,https://synbiohub.org/public/igem/BBa_K125502/1
https://synbiohub.org/public/igem/BBa_J70089/1,https://synbiohub.org/public/igem/BBa_K797009/1
https://synbiohub.org/public/igem/BBa_K827026/1,https://synbiohub.org/public/igem/BBa_K376002/1
https://synbiohub.org/public/igem/BBa_K782050/1,https://synbiohub.org/public/igem/BBa_K1507020/1
https://synbiohub.org/public/igem/BBa_K1362426/1,https://synbiohub.org/public/igem/BBa_K223035/1
https://synbiohub.org/public/igem/BBa_K157041/1,https://synbiohub.org/public/igem/BBa_K2074033/1
https://synbiohub.org/public/igem/BBa_T2004/1,https://synbiohub.org/public/igem/BBa_M36914/1
https://synbiohub.org/public/igem/BBa_K1695050/1,https://synbiohub.org/public/igem/BBa_K892012/1
https://synbiohub.org/public/igem/BBa_K245134/1,https://synbiohub.org/public/igem/BBa_K563036/1
https://synbiohub.org/public/igem/BBa_K631002/1,https://synbiohub.org/public/igem/BBa_M45447/1
https://synbiohub.org/public/igem/BBa_K2066546/1,https://synbiohub.org/public/igem/BBa_K1809031/1
https://synbiohub.org/public/igem/BBa_K1321303/1,https://synbiohub.org/public/igem/BBa_K115009/1
https://synbiohub.org/public/igem/BBa_J61053/1,https://synbiohub.org/public/igem/BBa_K559000/1
https://synbiohub.org/public/igem/BBa_J58006/1,https://synbiohub.org/public/igem/BBa_K1349005/1
https://synbiohub.org/public/igem/BBa_K185013/1,https://synbiohub.org/public/igem/BBa_J33207/1
https://synbiohub.org/public/igem/BBa_K082006/1,https://synbiohub.org/public/igem/BBa_K1875005/1
https://synbiohub.org/public/igem/BBa_M11108/1,https://synbiohub.org/public/igem/BBa_I712017/1
https://synbiohub.org/public/igem/BBa_K896922/1,https://synbiohub.org/public/igem/BBa_K314973/1
https://synbiohub.org/public/igem/BBa_K1778007/1,https://synbiohub.org/public/igem/BBa_K558008/1
https://synbiohub.org/public/igem/BBa_J52990/1,https://synbiohub.org/public/igem/BBa_K945001/1
https://synbiohub.org/public/igem/BBa_K827048/1,https://synbiohub.org/public/igem/BBa_K349101/1
https://synbiohub.org/public/igem/BBa_K827033/1,https://synbiohub.org/public/igem/BBa_K373000/1
https://synbiohub.org/public/igem/BBa_K827062/1,https://synbiohub.org/public/igem/BBa_K641022/1
https://synbiohub.org/public/igem/BBa_K360052/1,https://synbiohub.org/public/igem/BBa_K1942000/1
https://synbiohub.org/public/igem/BBa_K782054/1,https://synbiohub.org/public/igem/BBa_J61108/1
https://synbiohub.org/public/igem/BBa_K1182425/1,https://synbiohub.org/public/igem/BBa_K1251000/1
https://synbiohub.org/public/igem/BBa_K827057/1,https://synbiohub.org/public/igem/BBa_K1123012/1
https://synbiohub.org/public/igem/BBa_I717011/1,https://synbiohub.org/public/igem/BBa_K156027/1
https://synbiohub.org/public/igem/BBa_K149000/1,https://synbiohub.org/public/igem/BBa_K1114030/1
https://synbiohub.org/public/igem/BBa_K827068/1,https://synbiohub.org/public/igem/BBa_K842014/1
https://synbiohub.org/public/igem/BBa_K387000/1,https://synbiohub.org/public/igem/BBa_M45150/1
https://synbiohub.org/public/igem/BBa_K082005/1,https://synbiohub.org/public/igem/BBa_K2066520/1
https://synbiohub.org/public/igem/BBa_K1362475/1,https://synbiohub.org/public/igem/BBa_K382018/1
https://synbiohub.org/public/igem/BBa_K805020/1,https://synbiohub.org/public/igem/BBa_K1956040/1
https://synbiohub.org/public/igem/BBa_I733000/1,https://synbiohub.org/public/igem/BBa_K1390005/1
https://synbiohub.org/public/igem/BBa_T1001/1,https://synbiohub.org/public/igem/BBa_K349113/1
https://synbiohub.org/public/igem/BBa_K1969023/1,https://synbiohub.org/public/igem/BBa_K1507012/1
https://synbiohub.org/public/igem/BBa_K649107/1,https://synbiohub.org/public/igem/BBa_K1123019/1
https://synbiohub.org/public/igem/BBa_K827065/1,https://synbiohub.org/public/igem/BBa_K377704/1
https://synbiohub.org/public/igem/BBa_T1000/1,https://synbiohub.org/public/igem/BBa_K678014/1
https://synbiohub.org/public/igem/BBa_K1404007/1,https://synbiohub.org/public/igem/BBa_J119141/1
https://synbiohub.org/public/igem/BBa_K133025/1,https://synbiohub.org/public/igem/BBa_K152012/1
https://synbiohub.org/public/igem/BBa_K827003/1,https://synbiohub.org/public/igem/BBa_K1329005/1
https://synbiohub.org/public/igem/BBa_M36117/1,https://synbiohub.org/public/igem/BBa_K199077/1
https://synbiohub.org/public/igem/BBa_K185047/1,https://synbiohub.org/public/igem/BBa_K900005/1
https://synbiohub.org/public/igem/BBa_I728000/1,https://synbiohub.org/public/igem/BBa_K2091002/1
https://synbiohub.org/public/igem/BBa_J70632/1,https://synbiohub.org/public/igem/BBa_K1699003/1
https://synbiohub.org/public/igem/BBa_I732023/1,https://synbiohub.org/public/igem/BBa_J100267/1
https://synbiohub.org/public/igem/BBa_K1479006/1,https://synbiohub.org/public/igem/BBa_J72039/1
https://synbiohub.org/public/igem/BBa_K747097/1,https://synbiohub.org/public/igem/BBa_K1465301/1
https://synbiohub.org/public/igem/BBa_K1725201/1,https://synbiohub.org/public/igem/BBa_K1590009/1
https://synbiohub.org/public/igem/BBa_J29044/1,https://synbiohub.org/public/igem/BBa_K2184016/1
https://synbiohub.org/public/igem/BBa_J37002/1,https://synbiohub.org/public/igem/BBa_K809209/1
https://synbiohub.org/public/igem/BBa_I732998/1,https://synbiohub.org/public/igem/BBa_K1394000/1
https://synbiohub.org/public/igem/BBa_K377000/1,https://synbiohub.org/public/igem/BBa_K1919002/1
https://synbiohub.org/public/igem/BBa_J212101/1,https://synbiohub.org/public/igem/BBa_J119115/1
https://synbiohub.org/public/igem/BBa_K827035/1,https://synbiohub.org/public/igem/BBa_K1122666/1
https://synbiohub.org/public/igem/BBa_K1618040/1,https://synbiohub.org/public/igem/BBa_K364137/1
https://synbiohub.org/public/igem/BBa_K245024/1,https://synbiohub.org/public/igem/BBa_M11400/1
https://synbiohub.org/public/igem/BBa_J49001/1,https://synbiohub.org/public/igem/BBa_J70030/1
https://synbiohub.org/public/igem/BBa_K245126/1,https://synbiohub.org/public/igem/BBa_K1968016/1
https://synbiohub.org/public/igem/BBa_J33000/1,https://synbiohub.org/public/igem/BBa_K571003/1
https://synbiohub.org/public/igem/BBa_K827047/1,https://synbiohub.org/public/igem/BBa_K2014007/1
https://synbiohub.org/public/igem/BBa_K827072/1,https://synbiohub.org/public/igem/BBa_K187372/1
https://synbiohub.org/public/igem/BBa_J48102/1,https://synbiohub.org/public/igem/BBa_K187206/1
https://synbiohub.org/public/igem/BBa_K1182501/1,https://synbiohub.org/public/igem/BBa_K1934050/1
https://synbiohub.org/public/igem/BBa_K827001/1,https://synbiohub.org/public/igem/BBa_K1453403/1
https://synbiohub.org/public/igem/BBa_K805011/1,https://synbiohub.org/public/igem/BBa_K799000/1
https://synbiohub.org/public/igem/BBa_Y00009/1,https://synbiohub.org/public/igem/BBa_M1600/1
https://synbiohub.org/public/igem/BBa_K827055/1,https://synbiohub.org/public/igem/BBa_K1051103/1
https://synbiohub.org/public/igem/BBa_J33099/1,https://synbiohub.org/public/igem/BBa_K314011/1
https://synbiohub.org/public/igem/BBa_K1362414/1,https://synbiohub.org/public/igem/BBa_K611024/1
https://synbiohub.org/public/igem/BBa_K827074/1,https://synbiohub.org/public/igem/BBa_K1456026/1
https://synbiohub.org/public/igem/BBa_T2003/1,https://synbiohub.org/public/igem/BBa_K1156007/1
https://synbiohub.org/public/igem/BBa_K827063/1,https://synbiohub.org/public/igem/BBa_K277084/1
https://synbiohub.org/public/igem/BBa_K294060/1,https://synbiohub.org/public/igem/BBa_K511001/1
https://synbiohub.org/public/igem/BBa_K827016/1,https://synbiohub.org/public/igem/BBa_G1005/1
https://synbiohub.org/public/igem/BBa_K1614000/1,https://synbiohub.org/public/igem/BBa_K1705010/1
https://synbiohub.org/public/igem/BBa_K245123/1,https://synbiohub.org/public/igem/BBa_I750017/1
https://synbiohub.org/public/igem/BBa_J58100/1,https://synbiohub.org/public/igem/BBa_K555008/1
https://synbiohub.org/public/igem/BBa_K122014/1,https://synbiohub.org/public/igem/BBa_K1159103/1
https://synbiohub.org/public/igem/BBa_K2066544/1,https://synbiohub.org/public/igem/BBa_J06403/1
https://synbiohub.org/public/igem/BBa_J70014/1,https://synbiohub.org/public/igem/BBa_M50046/1
https://synbiohub.org/public/igem/BBa_J22051/1,https://synbiohub.org/public/igem/BBa_K106013/1
https://synbiohub.org/public/igem/BBa_M36309/1,https://synbiohub.org/public/igem/BBa_K367000/1
https://synbiohub.org/public/igem/BBa_K827009/1,https://synbiohub.org/public/igem/BBa_K1723001/1
https://synbiohub.org/public/igem/BBa_M45091/1,https://synbiohub.org/public/igem/BBa_K2045002/1
https://synbiohub.org/public/igem/BBa_K245124/1,https://synbiohub.org/public/igem/BBa_K1696005/1
https://synbiohub.org/public/igem/BBa_J25900/1,https://synbiohub.org/public/igem/BBa_J100079/1
https://synbiohub.org/public/igem/BBa_K1486046/1,https://synbiohub.org/public/igem/BBa_K165077/1
https://synbiohub.org/public/igem/BBa_K598005/1,https://synbiohub.org/public/igem/BBa_K209401/1
https://synbiohub.org/public/igem/BBa_K827085/1,https://synbiohub.org/public/igem/BBa_K1654010/1
https://synbiohub.org/public/igem/BBa_K1479004/1,https://synbiohub.org/public/igem/BBa_K1989031/1
https://synbiohub.org/public/igem/BBa_K094002/1,https://synbiohub.org/public/igem/BBa_K1695025/1
https://synbiohub.org/public/igem/BBa_K121000/1,https://synbiohub.org/public/igem/BBa_K187033/1
https://synbiohub.org/public/igem/BBa_K631003/1,https://synbiohub.org/public/igem/BBa_K1595013/1
https://synbiohub.org/public/igem/BBa_I766000/1,https://synbiohub.org/public/igem/BBa_K2044014/1
https://synbiohub.org/public/igem/BBa_K273028/1,https://synbiohub.org/public/igem/BBa_K1170001/1
https://synbiohub.org/public/igem/BBa_K1152998/1,https://synbiohub.org/public/igem/BBa_K187155/1
https://synbiohub.org/public/igem/BBa_J05829/1,https://synbiohub.org/public/igem/BBa_M41017/1
https://synbiohub.org/public/igem/BBa_K245014/1,https://synbiohub.org/public/igem/BBa_K1084504/1
https://synbiohub.org/public/igem/BBa_K1479014/1,https://synbiohub.org/public/igem/BBa_K1692027/1
https://synbiohub.org/public/igem/BBa_K827000/1,https://synbiohub.org/public/igem/BBa_K2036019/1
https://synbiohub.org/public/igem/BBa_K2066538/1,https://synbiohub.org/public/igem/BBa_K389001/1
https://synbiohub.org/public/igem/BBa_M1257/1,https://synbiohub.org/public/igem/BBa_K294205/1
https://synbiohub.org/public/igem/BBa_K519004/1,https://synbiohub.org/public/igem/BBa_K103005/1
https://synbiohub.org/public/igem/BBa_K2066545/1,https://synbiohub.org/public/igem/BBa_K277113/1
https://synbiohub.org/public/igem/BBa_K273029/1,https://synbiohub.org/public/igem/BBa_M31963/1
https://synbiohub.org/public/igem/BBa_K1725200/1,https://synbiohub.org/public/igem/BBa_K1935005/1
https://synbiohub.org/public/igem/BBa_M11107/1,https://synbiohub.org/public/igem/BBa_K1758310/1
https://synbiohub.org/public/igem/BBa_K827089/1,https://synbiohub.org/public/igem/BBa_K371016/1
https://synbiohub.org/public/igem/BBa_K827037/1,https://synbiohub.org/public/igem/BBa_K1967018/1
https://synbiohub.org/public/igem/BBa_K1256012/1,https://synbiohub.org/public/igem/BBa_K1114201/1
https://synbiohub.org/public/igem/BBa_K1585996/1,https://synbiohub.org/public/igem/BBa_K1985004/1
https://synbiohub.org/public/igem/BBa_K1773028/1,https://synbiohub.org/public/igem/BBa_M36765/1
https://synbiohub.org/public/igem/BBa_K121099/1,https://synbiohub.org/public/igem/BBa_M36968/1
https://synbiohub.org/public/igem/BBa_K2066540/1,https://synbiohub.org/public/igem/BBa_K157019/1
https://synbiohub.org/public/igem/BBa_K827024/1,https://synbiohub.org/public/igem/BBa_K1400003/1
https://synbiohub.org/public/igem/BBa_K827060/1,https://synbiohub.org/public/igem/BBa_K1058001/1
https://synbiohub.org/public/igem/BBa_I725010/1,https://synbiohub.org/public/igem/BBa_K110009/1
https://synbiohub.org/public/igem/BBa_K245121/1,https://synbiohub.org/public/igem/BBa_K187114/1
https://synbiohub.org/public/igem/BBa_I763001/1,https://synbiohub.org/public/igem/BBa_I725016/1
https://synbiohub.org/public/igem/BBa_J29020/1,https://synbiohub.org/public/igem/BBa_K786005/1
https://synbiohub.org/public/igem/BBa_K1740001/1,https://synbiohub.org/public/igem/BBa_K1676017/1
https://synbiohub.org/public/igem/BBa_J70593/1,https://synbiohub.org/public/igem/BBa_K1923008/1
https://synbiohub.org/public/igem/BBa_K827075/1,https://synbiohub.org/public/igem/BBa_J95016/1
https://synbiohub.org/public/igem/BBa_I733001/1,https://synbiohub.org/public/igem/BBa_J119039/1
https://synbiohub.org/public/igem/BBa_M39900/1,https://synbiohub.org/public/igem/BBa_I765002/1
https://synbiohub.org/public/igem/BBa_I769902/1,https://synbiohub.org/public/igem/BBa_K1291571/1
https://synbiohub.org/public/igem/BBa_K273030/1,https://synbiohub.org/public/igem/BBa_K1673010/1
https://synbiohub.org/public/igem/BBa_K631035/1,https://synbiohub.org/public/igem/BBa_K1875004/1
https://synbiohub.org/public/igem/BBa_K782055/1,https://synbiohub.org/public/igem/BBa_K1321005/1
https://synbiohub.org/public/igem/BBa_J49005/1,https://synbiohub.org/public/igem/BBa_K106011/1
https://synbiohub.org/public/igem/BBa_K1740003/1,https://synbiohub.org/public/igem/BBa_K277064/1
https://synbiohub.org/public/igem/BBa_J050041/1,https://synbiohub.org/public/igem/BBa_I731002/1
https://synbiohub.org/public/igem/BBa_I725008/1,https://synbiohub.org/public/igem/BBa_M31518/1
https://synbiohub.org/public/igem/BBa_K782046/1,https://synbiohub.org/public/igem/BBa_K133060/1
https://synbiohub.org/public/igem/BBa_K245026/1,https://synbiohub.org/public/igem/BBa_K091112/1
https://synbiohub.org/public/igem/BBa_K317061/1,https://synbiohub.org/public/igem/BBa_K771106/1
https://synbiohub.org/public/igem/BBa_K1256001/1,https://synbiohub.org/public/igem/BBa_J45011/1
https://synbiohub.org/public/igem/BBa_K1585998/1,https://synbiohub.org/public/igem/BBa_S03451/1
https://synbiohub.org/public/igem/BBa_K395006/1,https://synbiohub.org/public/igem/BBa_T9501/1
https://synbiohub.org/public/igem/BBa_K802005/1,https://synbiohub.org/public/igem/BBa_K2017000/1
https://synbiohub.org/public/igem/BBa_M39901/1,https://synbiohub.org/public/igem/BBa_K1448009/1
https://synbiohub.org/public/igem/BBa_K827014/1,https://synbiohub.org/public/igem/BBa_K863005/1
https://synbiohub.org/public/igem/BBa_K1442200/1,https://synbiohub.org/public/igem/BBa_K611097/1
https://synbiohub.org/public/igem/BBa_K827069/1,https://synbiohub.org/public/igem/BBa_K1875009/1
https://synbiohub.org/public/igem/BBa_K1541000/1,https://synbiohub.org/public/igem/BBa_J70606/1
https://synbiohub.org/public/igem/BBa_K1404008/1,https://synbiohub.org/public/igem/BBa_I766007/1
https://synbiohub.org/public/igem/BBa_J45012/1,https://synbiohub.org/public/igem/BBa_K1614012/1
https://synbiohub.org/public/igem/BBa_K1256011/1,https://synbiohub.org/public/igem/BBa_K555005/1
https://synbiohub.org/public/igem/BBa_K1740000/1,https://synbiohub.org/public/igem/BBa_K1673203/1
https://synbiohub.org/public/igem/BBa_K782051/1,https://synbiohub.org/public/igem/BBa_K313024/1
https://synbiohub.org/public/igem/BBa_K827076/1,https://synbiohub.org/public/igem/BBa_J62000/1
https://synbiohub.org/public/igem/BBa_K082017/1,https://synbiohub.org/public/igem/BBa_K112706/1
https://synbiohub.org/public/igem/BBa_K827039/1,https://synbiohub.org/public/igem/BBa_K189052/1
https://synbiohub.org/public/igem/BBa_K827087/1,https://synbiohub.org/public/igem/BBa_K627010/1
https://synbiohub.org/public/igem/BBa_K1725204/1,https://synbiohub.org/public/igem/BBa_J42044/1
https://synbiohub.org/public/igem/BBa_K827091/1,https://synbiohub.org/public/igem/BBa_K223040/1
https://synbiohub.org/public/igem/BBa_K1541001/1,https://synbiohub.org/public/igem/BBa_K1830014/1
https://synbiohub.org/public/igem/BBa_I718020/1,https://synbiohub.org/public/igem/BBa_M39020/1
https://synbiohub.org/public/igem/BBa_J58008/1,https://synbiohub.org/public/igem/BBa_K165020/1
https://synbiohub.org/public/igem/BBa_K314901/1,https://synbiohub.org/public/igem/BBa_K1638004/1
https://synbiohub.org/public/igem/BBa_I766400/1,https://synbiohub.org/public/igem/BBa_J34900/1
https://synbiohub.org/public/igem/BBa_K782049/1,https://synbiohub.org/public/igem/BBa_K1779101/1
https://synbiohub.org/public/igem/BBa_K320000/1,https://synbiohub.org/public/igem/BBa_K1195011/1
https://synbiohub.org/public/igem/BBa_K265000/1,https://synbiohub.org/public/igem/BBa_K1913024/1
https://synbiohub.org/public/igem/BBa_K827022/1,https://synbiohub.org/public/igem/BBa_K187109/1
https://synbiohub.org/public/igem/BBa_J59002/1,https://synbiohub.org/public/igem/BBa_K1859015/1
https://synbiohub.org/public/igem/BBa_M36005/1,https://synbiohub.org/public/igem/BBa_K641034/1
https://synbiohub.org/public/igem/BBa_K395005/1,https://synbiohub.org/public/igem/BBa_K352001/1
https://synbiohub.org/public/igem/BBa_K371060/1,https://synbiohub.org/public/igem/BBa_K2066522/1
https://synbiohub.org/public/igem/BBa_K1182401/1,https://synbiohub.org/public/igem/BBa_Z0151/1
https://synbiohub.org/public/igem/BBa_K122015/1,https://synbiohub.org/public/igem/BBa_K1214006/1
https://synbiohub.org/public/igem/BBa_K314000/1,https://synbiohub.org/public/igem/BBa_K2014006/1
https://synbiohub.org/public/igem/BBa_M1991/1,https://synbiohub.org/public/igem/BBa_K392017/1
https://synbiohub.org/public/igem/BBa_K133140/1,https://synbiohub.org/public/igem/BBa_I757003/1
https://synbiohub.org/public/igem/BBa_K827077/1,https://synbiohub.org/public/igem/BBa_J100235/1
https://synbiohub.org/public/igem/BBa_M45090/1,https://synbiohub.org/public/igem/BBa_J119142/1
https://synbiohub.org/public/igem/BBa_K245035/1,https://synbiohub.org/public/igem/BBa_I759011/1
https://synbiohub.org/public/igem/BBa_J49007/1,https://synbiohub.org/public/igem/BBa_K1600000/1
https://synbiohub.org/public/igem/BBa_K1362991/1,https://synbiohub.org/public/igem/BBa_K1114100/1
https://synbiohub.org/public/igem/BBa_K827053/1,https://synbiohub.org/public/igem/BBa_K763005/1
https://synbiohub.org/public/igem/BBa_K827071/1,https://synbiohub.org/public/igem/BBa_M11402/1
https://synbiohub.org/public/igem/BBa_K827094/1,https://synbiohub.org/public/igem/BBa_J72044/1
https://synbiohub.org/public/igem/BBa_K1497009/1,https://synbiohub.org/public/igem/BBa_M36453/1
https://synbiohub.org/public/igem/BBa_K827081/1,https://synbiohub.org/public/igem/BBa_K1680000/1
https://synbiohub.org/public/igem/BBa_K245119/1,https://synbiohub.org/public/igem/BBa_M45711/1
https://synbiohub.org/public/igem/BBa_K245128/1,https://synbiohub.org/public/igem/BBa_K1059016/1
https://synbiohub.org/public/igem/BBa_J17004/1,https://synbiohub.org/public/igem/BBa_K2116043/1
https://synbiohub.org/public/igem/BBa_K827061/1,https://synbiohub.org/public/igem/BBa_J70436/1
https://synbiohub.org/public/igem/BBa_K649201/1,https://synbiohub.org/public/igem/BBa_K1595012/1
https://synbiohub.org/public/igem/BBa_K1994020/1,https://synbiohub.org/public/igem/BBa_I737000/1
https://synbiohub.org/public/igem/BBa_M31517/1,https://synbiohub.org/public/igem/BBa_K861171/1
https://synbiohub.org/public/igem/BBa_I732001/1,https://synbiohub.org/public/igem/BBa_I12035/1
https://synbiohub.org/public/igem/BBa_K1618042/1,https://synbiohub.org/public/igem/BBa_K1162006/1
https://synbiohub.org/public/igem/BBa_K827019/1,https://synbiohub.org/public/igem/BBa_J18923/1
https://synbiohub.org/public/igem/BBa_I717010/1,https://synbiohub.org/public/igem/BBa_K1126002/1
https://synbiohub.org/public/igem/BBa_K395303/1,https://synbiohub.org/public/igem/BBa_K1028000/1
https://synbiohub.org/public/igem/BBa_K827027/1,https://synbiohub.org/public/igem/BBa_K392001/1
https://synbiohub.org/public/igem/BBa_J32021/1,https://synbiohub.org/public/igem/BBa_K1995000/1
https://synbiohub.org/public/igem/BBa_I723127/1,https://synbiohub.org/public/igem/BBa_K227010/1
https://synbiohub.org/public/igem/BBa_K827013/1,https://synbiohub.org/public/igem/BBa_K1675024/1
https://synbiohub.org/public/igem/BBa_J52000/1,https://synbiohub.org/public/igem/BBa_K931006/1
https://synbiohub.org/public/igem/BBa_M31967/1,https://synbiohub.org/public/igem/BBa_K1555001/1
https://synbiohub.org/public/igem/BBa_K827052/1,https://synbiohub.org/public/igem/BBa_K1680020/1
https://synbiohub.org/public/igem/BBa_K874021/1,https://synbiohub.org/public/igem/BBa_K382035/1
https://synbiohub.org/public/igem/BBa_K827090/1,https://synbiohub.org/public/igem/BBa_J18974/1
https://synbiohub.org/public/igem/BBa_K1529998/1,https://synbiohub.org/public/igem/BBa_J176033/1
https://synbiohub.org/public/igem/BBa_K185048/1,https://synbiohub.org/public/igem/BBa_K174013/1
https://synbiohub.org/public/igem/BBa_J70013/1,https://synbiohub.org/public/igem/BBa_K1324002/1
https://synbiohub.org/public/igem/BBa_K1462030/1,https://synbiohub.org/public/igem/BBa_K603000/1
https://synbiohub.org/public/igem/BBa_K827025/1,https://synbiohub.org/public/igem/BBa_K2017002/1
https://synbiohub.org/public/igem/BBa_I746900/1,https://synbiohub.org/public/igem/BBa_K1123015/1
https://synbiohub.org/public/igem/BBa_J49000/1,https://synbiohub.org/public/igem/BBa_K2148017/1
https://synbiohub.org/public/igem/BBa_K827083/1,https://synbiohub.org/public/igem/BBa_K1967008/1
https://synbiohub.org/public/igem/BBa_K827002/1,https://synbiohub.org/public/igem/BBa_K563032/1
https://synbiohub.org/public/igem/BBa_K827028/1,https://synbiohub.org/public/igem/BBa_I746365/1
https://synbiohub.org/public/igem/BBa_K782057/1,https://synbiohub.org/public/igem/BBa_I13201/1
https://synbiohub.org/public/igem/BBa_K1321347/1,https://synbiohub.org/public/igem/BBa_J70004/1
https://synbiohub.org/public/igem/BBa_I763000/1,https://synbiohub.org/public/igem/BBa_K619889/1
https://synbiohub.org/public/igem/BBa_K747100/1,https://synbiohub.org/public/igem/BBa_K357006/1
https://synbiohub.org/public/igem/BBa_K1330000/1,https://synbiohub.org/public/igem/BBa_K1442100/1
https://synbiohub.org/public/igem/BBa_K827073/1,https://synbiohub.org/public/igem/BBa_K1104207/1
https://synbiohub.org/public/igem/BBa_K094001/1,https://synbiohub.org/public/igem/BBa_K1114110/1
https://synbiohub.org/public/igem/BBa_K747099/1,https://synbiohub.org/public/igem/BBa_K106003/1
https://synbiohub.org/public/igem/BBa_K2066535/1,https://synbiohub.org/public/igem/BBa_M45215/1
https://synbiohub.org/public/igem/BBa_M45071/1,https://synbiohub.org/public/igem/BBa_J07054/1
https://synbiohub.org/public/igem/BBa_K827021/1,https://synbiohub.org/public/igem/BBa_M0052/1
